Date,Stock,Gap%,Open,Signal,Entry,SL,Target,Exit,Gross P&L,Charges,Net P&L,Result,Status
2026-01-02,ITC,-1.37,359.0,SHORT,357.2,358.99,351.84,351.84,13127,358,12769,TARGET,CLOSED
2026-01-05,,,0,,,,,,0,0,0,NO GAP,CLOSED
2026-01-06,HDFCBANK,-1.94,959.55,SHORT,954.75,959.52,940.43,,0,0,0,NO ENTRY,CLOSED
2026-01-07,TITAN,2.6,4218.8,LONG,4239.89,4218.69,4303.49,4303.49,13102,358,12744,TARGET,CLOSED
2026-01-08,HINDUNILVR,-1.25,2369.3,SHORT,2357.45,2369.24,2322.09,,0,0,0,NO ENTRY,CLOSED
2026-01-09,HCLTECH,1.73,1671.5,LONG,1679.86,1671.46,1705.06,,0,0,0,NO ENTRY,CLOSED
2026-01-12,,,0,,,,,,0,0,0,NO GAP,CLOSED
2026-01-13,HDFCBANK,1.18,947.6,LONG,952.34,947.58,966.63,,0,0,0,NO ENTRY,CLOSED
2026-01-14,,,0,,,,,,0,0,0,NO GAP,CLOSED
2026-01-16,INFY,3.52,1663.5,LONG,1671.82,1663.46,1696.9,1692.8,10973,358,10615,EOD EXIT,CLOSED
2026-01-19,ICICIBANK,-1.28,1395.8,SHORT,1388.82,1395.76,1367.99,1367.99,13123,358,12765,TARGET,CLOSED
2026-01-20,,,0,,,,,,0,0,0,NO GAP,CLOSED
2026-01-21,BHARTIARTL,-1.24,1971.3,SHORT,1961.44,1971.25,1932.02,,0,0,0,NO ENTRY,CLOSED
2026-01-22,MARUTI,1.01,15929.0,LONG,16008.64,15928.6,16248.77,,0,0,0,NO ENTRY,CLOSED
2026-01-23,,,0,,,,,,0,0,0,NO GAP,CLOSED
2026-01-27,KOTAKBANK,-2.73,412.9,SHORT,410.84,412.89,404.68,404.68,13115,358,12757,TARGET,CLOSED
2026-01-28,AXISBANK,2.03,1342.5,LONG,1349.21,1342.46,1369.45,,0,0,0,NO ENTRY,CLOSED
2026-01-29,LT,1.74,3860.0,LONG,3879.3,3859.9,3937.49,3937.49,13093,358,12735,TARGET,CLOSED
2026-01-30,TATASTEEL,-1.98,198.51,SHORT,197.52,198.51,194.56,194.56,13110,358,12752,TARGET,CLOSED
2026-02-03,ADANIENT,8.72,2193.9,LONG,2204.87,2193.85,2237.94,2193.85,-4364,358,-4722,SL HIT,CLOSED
2026-02-04,INFY,-5.27,1568.7,SHORT,1560.86,1568.66,1537.45,1537.45,13110,358,12752,TARGET,CLOSED
2026-02-05,,,0,,,,,,0,0,0,NO GAP,CLOSED
2026-02-06,NTPC,-1.23,362.5,SHORT,360.69,362.49,355.28,,0,0,0,NO ENTRY,CLOSED
2026-02-09,SBIN,4.88,1118.0,LONG,1123.59,1117.97,1140.44,1138.2,11367,358,11009,EOD EXIT,CLOSED
2026-02-10,,,0,,,,,,0,0,0,NO GAP,CLOSED
2026-02-11,TITAN,1.31,4350.2,LONG,4371.95,4350.09,4437.53,,0,0,0,NO ENTRY,CLOSED
2026-02-12,INFY,-2.88,1428.6,SHORT,1421.46,1428.57,1400.14,1400.14,13112,358,12754,TARGET,CLOSED
2026-02-13,INFY,-6.71,1291.1,SHORT,1284.64,1291.06,1265.37,,0,0,0,NO ENTRY,CLOSED
2026-02-16,,,0,,,,,,0,0,0,NO GAP,CLOSED
2026-02-17,,,0,,,,,,0,0,0,NO GAP,CLOSED
2026-02-18,,,0,,,,,,0,0,0,NO GAP,CLOSED
2026-02-19,INFY,1.01,1385.8,LONG,1392.73,1385.77,1413.62,1385.77,-4371,358,-4729,SL HIT,CLOSED
2026-02-20,,,0,,,,,,0,0,0,NO GAP,CLOSED
2026-02-23,AXISBANK,1.44,1387.4,LONG,1394.34,1387.37,1415.26,1387.37,-4370,358,-4728,SL HIT,CLOSED
2026-02-24,INFY,-2.67,1292.6,SHORT,1286.14,1292.57,1266.85,1272.7,9139,358,8781,EOD EXIT,CLOSED
2026-02-25,HCLTECH,1.01,1356.6,LONG,1363.38,1356.56,1383.83,1383.83,13108,358,12750,TARGET,CLOSED
2026-02-26,INFY,1.44,1308.5,LONG,1315.04,1308.46,1334.77,,0,0,0,NO ENTRY,CLOSED
2026-02-27,INFY,2.75,1326.5,LONG,1333.13,1326.46,1353.13,,0,0,0,NO ENTRY,CLOSED
2026-03-02,LT,-4.67,4078.7,SHORT,4058.31,4078.6,3997.44,4024.2,7334,358,6976,EOD EXIT,CLOSED
2026-03-04,ICICIBANK,-3.28,1329.7,SHORT,1323.05,1329.67,1303.2,,0,0,0,NO ENTRY,CLOSED
2026-03-05,TATASTEEL,1.24,198.5,LONG,199.49,198.49,202.48,202.48,13114,358,12756,TARGET,CLOSED
2026-03-06,LT,-1.08,3995.0,SHORT,3975.03,3994.91,3915.4,3951.5,5177,358,4819,EOD EXIT,CLOSED
2026-03-09,HDFCBANK,-4.02,822.65,SHORT,818.54,822.63,806.26,,0,0,0,NO ENTRY,CLOSED
2026-03-10,LT,2.31,3925.8,LONG,3945.43,3925.7,4004.61,,0,0,0,NO ENTRY,CLOSED
2026-03-11,,,0,,,,,,0,0,0,NO GAP,CLOSED
2026-03-12,ICICIBANK,-1.41,1276.4,SHORT,1270.02,1276.37,1250.97,,0,0,0,NO ENTRY,CLOSED
2026-03-13,HDFCBANK,-1.44,820.0,SHORT,815.9,819.98,803.66,819.2,-3538,358,-3896,EOD EXIT,CLOSED
2026-03-16,,,0,,,,,,0,0,0,NO GAP,CLOSED
2026-03-17,,,0,,,,,,0,0,0,NO GAP,CLOSED
2026-03-18,BAJFINANCE,2.41,889.55,LONG,894.0,889.53,907.41,,0,0,0,NO ENTRY,CLOSED
2026-03-19,HDFCBANK,-8.09,773.9,SHORT,770.03,773.88,758.48,,0,0,0,NO ENTRY,CLOSED
2026-03-20,HCLTECH,1.69,1334.0,LONG,1340.67,1333.97,1360.78,1345.5,3149,358,2791,EOD EXIT,CLOSED
2026-03-23,HDFCBANK,-2.18,764.0,SHORT,760.18,763.98,748.78,751.05,10509,358,10151,EOD EXIT,CLOSED
2026-03-24,TITAN,3.37,3966.9,LONG,3986.73,3966.8,4046.53,,0,0,0,NO ENTRY,CLOSED
2026-03-25,HCLTECH,-1.55,1352.0,SHORT,1345.24,1351.97,1325.06,,0,0,0,NO ENTRY,CLOSED
2026-03-27,LT,-1.12,3615.1,SHORT,3597.02,3615.01,3543.06,3582.9,3431,358,3073,EOD EXIT,CLOSED
2026-03-30,AXISBANK,-1.87,1182.7,SHORT,1176.79,1182.67,1159.14,1159.14,13114,358,12756,TARGET,CLOSED
2026-04-01,MARUTI,3.85,12780.0,LONG,12843.9,12779.68,13036.56,,0,0,0,NO ENTRY,CLOSED
2026-04-02,SUNPHARMA,-5.31,1636.8,SHORT,1628.62,1636.76,1604.19,,0,0,0,NO ENTRY,CLOSED
2026-04-06,TITAN,1.15,4127.0,LONG,4147.63,4126.89,4209.84,4209.84,13064,358,12706,TARGET,CLOSED
2026-04-07,LT,-1.19,3681.8,SHORT,3663.39,3681.71,3608.44,,0,0,0,NO ENTRY,CLOSED
2026-04-08,LT,5.96,3944.0,LONG,3963.72,3943.9,4023.18,4023.18,13081,358,12723,TARGET,CLOSED
2026-04-09,BAJFINANCE,-1.78,898.75,SHORT,894.26,898.73,880.85,,0,0,0,NO ENTRY,CLOSED
2026-04-10,SUNPHARMA,-2.4,1675.9,SHORT,1667.52,1675.86,1642.51,1642.51,13105,358,12747,TARGET,CLOSED
2026-04-13,ADANIENT,-4.15,2000.2,SHORT,1990.2,2000.15,1960.35,,0,0,0,NO ENTRY,CLOSED
2026-04-15,BAJFINANCE,2.97,924.2,LONG,928.82,924.18,942.75,,0,0,0,NO ENTRY,CLOSED
2026-04-16,ADANIENT,1.63,2174.8,LONG,2185.67,2174.74,2218.46,2174.74,-4372,358,-4730,SL HIT,CLOSED
2026-04-17,ADANIENT,1.55,2237.9,LONG,2249.09,2237.84,2282.83,,0,0,0,NO ENTRY,CLOSED
2026-04-20,,,0,,,,,,0,0,0,NO GAP,CLOSED
2026-04-21,,,0,,,,,,0,0,0,NO GAP,CLOSED
2026-04-22,HCLTECH,-7.26,1336.6,SHORT,1329.92,1336.57,1309.97,1309.97,13107,358,12749,TARGET,CLOSED
2026-04-23,ICICIBANK,-1.31,1349.7,SHORT,1342.95,1349.66,1322.81,,0,0,0,NO ENTRY,CLOSED
2026-04-24,INFY,-2.49,1200.0,SHORT,1194.0,1199.97,1176.09,1176.09,13110,358,12752,TARGET,CLOSED
2026-04-27,AXISBANK,-3.12,1323.3,SHORT,1316.68,1323.26,1296.93,1316.6,53,358,-305,EOD EXIT,CLOSED
2026-04-28,,,0,,,,,,0,0,0,NO GAP,CLOSED
2026-04-29,MARUTI,1.64,13103.0,LONG,13168.51,13102.67,13366.04,13366.04,13037,358,12679,TARGET,CLOSED
2026-04-30,BAJFINANCE,1.65,945.4,LONG,950.13,945.38,964.38,945.38,-4370,358,-4728,SL HIT,CLOSED
2026-05-04,MARUTI,2.61,13662.0,LONG,13730.31,13661.66,13936.26,13661.66,-4325,358,-4683,SL HIT,CLOSED
2026-05-05,,,0,,,,,,0,0,0,NO GAP,CLOSED
2026-05-06,LT,-2.82,3960.0,SHORT,3940.2,3959.9,3881.1,3920.6,4351,358,3993,EOD EXIT,CLOSED
2026-05-07,,,0,,,,,,0,0,0,NO GAP,CLOSED
2026-05-08,AXISBANK,-1.69,1273.7,SHORT,1267.33,1273.67,1248.32,,0,0,0,NO ENTRY,CLOSED
2026-05-11,TITAN,-3.09,4369.7,SHORT,4347.85,4369.59,4282.63,4282.63,13109,358,12751,TARGET,CLOSED
2026-05-12,HCLTECH,-1.42,1178.0,SHORT,1172.11,1177.97,1154.53,1154.53,13115,358,12757,TARGET,CLOSED
2026-05-13,,,0,,,,,,0,0,0,NO GAP,CLOSED
2026-05-14,ADANIENT,2.32,2556.0,LONG,2568.78,2555.94,2607.31,2607.31,13100,358,12742,TARGET,CLOSED
2026-05-15,ADANIENT,2.42,2780.7,LONG,2794.6,2780.63,2836.52,2780.63,-4373,358,-4731,SL HIT,CLOSED
2026-05-18,TATASTEEL,-2.68,211.0,SHORT,209.94,210.99,206.79,207.36,10751,358,10393,EOD EXIT,CLOSED
2026-05-19,ADANIENT,3.01,2770.7,LONG,2784.55,2770.63,2826.32,,0,0,0,NO ENTRY,CLOSED
2026-05-20,BAJFINANCE,-1.57,913.45,SHORT,908.88,913.42,895.25,,0,0,0,NO ENTRY,CLOSED
2026-05-21,TATASTEEL,1.2,209.5,LONG,210.55,209.5,213.71,,0,0,0,NO ENTRY,CLOSED
2026-05-22,,,0,,,,,,0,0,0,NO GAP,CLOSED
