Date,Stock,Direction,OR High,OR Low,OR%,Entry,Entry Time,SL,Target,Exit,Exit Reason,P&L
2026-01-01,MAHABANK,SHORT,62.5,61.7,1.28,61.7,09:36:00,62.5,59.3,62.5,SL,-2660
2026-01-01,AUROPHARMA,SHORT,1190.0,1175.4,1.23,1175.4,09:36:00,1190.0,1131.6,1190.0,SL,-2554
2026-01-01,M&M,LONG,3765.0,3721.1,1.18,3765.0,09:49:00,3721.1,3896.7,3764.0,EOD,-153
2026-01-02,MPHASIS,SHORT,2844.3,2806.0,1.35,2806.0,09:36:00,2844.3,2691.1,2806.0,EOD,-100
2026-01-02,HINDALCO,LONG,908.7,896.55,1.35,908.7,09:37:00,896.55,945.15,925.35,EOD,3565
2026-01-02,BOSCHLTD,LONG,36640.0,36150.0,1.35,36640.0,09:36:00,36150.0,38110.0,38110.0,TGT,7924
2026-01-05,SUNTECK,SHORT,427.4,421.05,1.49,421.05,09:36:00,427.4,402.0,423.65,EOD,-1327
2026-01-05,FEDERALBNK,SHORT,267.1,263.35,1.4,263.35,09:36:00,267.1,252.1,263.75,EOD,-403
2026-01-05,CANBK,SHORT,157.6,155.44,1.39,155.44,09:36:00,157.6,148.96,154.31,EOD,1365
2026-01-06,SOBHA,SHORT,1601.8,1578.0,1.5,1578.0,09:37:00,1601.8,1506.6,1547.0,EOD,3908
2026-01-06,FEDERALBNK,SHORT,265.0,261.05,1.5,261.05,09:52:00,265.0,249.2,256.55,EOD,3408
2026-01-06,BANKINDIA,LONG,152.19,149.99,1.47,152.19,09:36:00,149.99,158.79,149.99,SL,-2991
2026-01-07,INDUSINDBK,SHORT,924.7,911.35,1.46,911.35,09:52:00,924.7,871.3,897.95,EOD,2885
2026-01-07,SOBHA,SHORT,1558.3,1536.0,1.44,1536.0,09:52:00,1558.3,1469.1,1529.5,EOD,750
2026-01-07,NESTLEIND,LONG,1323.0,1304.2,1.43,1323.0,09:36:00,1304.2,1379.4,1316.0,EOD,-1158
2026-01-08,LUPIN,SHORT,2221.0,2191.0,1.35,2191.0,09:36:00,2221.0,2101.0,2189.7,EOD,19
2026-01-08,BRITANNIA,SHORT,6158.5,6079.5,1.28,6079.5,09:36:00,6158.5,5842.5,6038.5,EOD,1258
2026-01-08,MARICO,SHORT,773.55,763.75,1.27,763.75,09:36:00,773.55,734.35,758.4,EOD,1311
2026-01-09,IOC,LONG,157.43,155.11,1.49,157.43,09:55:00,155.11,164.39,157.6,EOD,116
2026-01-09,AUROPHARMA,SHORT,1210.9,1193.5,1.44,1193.5,09:36:00,1210.9,1141.3,1210.9,SL,-2974
2026-01-09,MOTHERSON,SHORT,118.0,116.35,1.4,116.35,09:36:00,118.0,111.4,118.0,SL,-2897
2026-01-12,JINDALSTEL,SHORT,1015.2,1000.1,1.49,1000.1,09:40:00,1015.2,954.8,1015.2,SL,-3075
2026-01-12,ALKEM,SHORT,5812.0,5727.0,1.47,5727.0,09:36:00,5812.0,5472.0,5812.0,SL,-3025
2026-01-12,HEROMOTOCO,SHORT,5792.0,5708.5,1.45,5708.5,09:43:00,5792.0,5458.0,5726.5,EOD,-729
2026-01-13,CIPLA,SHORT,1469.4,1448.1,1.46,1448.1,09:36:00,1469.4,1384.2,1447.8,EOD,-59
2026-01-13,DRREDDY,SHORT,1215.9,1198.1,1.46,1198.1,09:36:00,1215.9,1144.7,1191.1,EOD,1075
2026-01-13,PERSISTENT,SHORT,6424.5,6333.0,1.44,6333.0,09:36:00,6424.5,6058.5,6359.0,EOD,-918
2026-01-14,VBL,LONG,505.3,497.85,1.49,505.3,09:37:00,497.85,527.65,502.6,EOD,-1169
2026-01-14,PRESTIGE,SHORT,1520.8,1499.4,1.41,1499.4,09:36:00,1520.8,1435.2,1500.4,EOD,-233
2026-01-14,COFORGE,SHORT,1729.2,1705.7,1.37,1705.7,09:43:00,1729.2,1635.2,1680.7,EOD,2875
2026-01-16,INFY,LONG,1678.2,1653.4,1.49,1678.2,09:36:00,1653.4,1752.6,1692.7,EOD,1628
2026-01-16,BANKINDIA,LONG,155.65,153.45,1.43,155.65,09:42:00,153.45,162.25,157.38,EOD,2123
2026-01-16,CANBK,LONG,155.95,153.85,1.36,155.95,09:43:00,153.85,162.25,157.27,EOD,1593
2026-01-19,INDIANB,LONG,853.3,841.0,1.45,853.3,09:38:00,841.0,890.2,858.95,EOD,1224
2026-01-19,NMDC,SHORT,82.74,81.55,1.44,81.55,09:47:00,82.74,77.98,81.33,EOD,441
2026-01-19,AUBANK,SHORT,1025.0,1010.9,1.38,1010.9,09:42:00,1025.0,968.6,1025.0,SL,-2851
2026-01-20,SAIL,SHORT,152.22,150.0,1.48,150.0,09:38:00,152.22,143.34,145.17,EOD,6554
2026-01-20,MOTHERSON,SHORT,112.9,111.25,1.47,111.25,09:36:00,112.9,106.3,107.99,EOD,5938
2026-01-20,SUNTECK,SHORT,403.05,397.35,1.41,397.35,09:36:00,403.05,380.25,403.05,SL,-2928
2026-01-21,CIPLA,SHORT,1398.4,1377.8,1.49,1377.8,09:37:00,1398.4,1316.0,1368.3,EOD,1289
2026-01-21,BANKBARODA,LONG,305.35,300.9,1.48,305.35,09:49:00,300.9,318.7,300.9,SL,-3015
2026-01-21,POWERGRID,LONG,255.75,252.05,1.47,255.75,09:36:00,252.05,266.85,255.75,EOD,-100
2026-01-22,NESTLEIND,LONG,1291.5,1272.3,1.49,1291.5,09:36:00,1272.3,1349.1,1306.3,EOD,2192
2026-01-22,BRITANNIA,LONG,5900.0,5819.0,1.38,5900.0,09:36:00,5819.0,6143.0,5921.0,EOD,612
2026-01-22,MAHABANK,LONG,65.19,64.3,1.38,65.19,09:36:00,64.3,67.86,64.3,SL,-2830
2026-01-23,IOB,SHORT,34.98,34.46,1.5,34.46,09:45:00,34.98,32.9,34.13,EOD,1834
2026-01-23,DRREDDY,LONG,1243.0,1225.0,1.46,1243.0,09:53:00,1225.0,1297.0,1235.2,EOD,-1355
2026-01-23,PERSISTENT,SHORT,6360.0,6272.0,1.38,6272.0,09:36:00,6360.0,6008.0,6163.5,EOD,3421
2026-01-27,RELIANCE,LONG,1388.6,1368.0,1.49,1388.6,09:50:00,1368.0,1450.4,1381.0,EOD,-1195
2026-01-27,TORNTPHARM,LONG,3969.7,3910.4,1.49,3969.7,09:37:00,3910.4,4147.6,4008.7,EOD,1865
2026-01-27,TATACONSUM,LONG,1166.0,1149.5,1.42,1166.0,09:43:00,1149.5,1215.5,1184.8,EOD,3125
2026-01-28,POWERGRID,LONG,257.7,254.0,1.46,257.7,09:54:00,254.0,268.8,259.75,EOD,1491
2026-01-28,DABUR,SHORT,518.0,510.6,1.44,510.6,09:37:00,518.0,488.4,515.25,EOD,-1905
2026-01-28,EICHERMOT,SHORT,7124.0,7021.5,1.44,7021.5,09:37:00,7124.0,6714.0,7066.5,EOD,-1374
2026-01-29,TCS,SHORT,3200.1,3152.1,1.5,3152.1,09:36:00,3200.1,3008.1,3143.1,EOD,473
2026-01-29,MOTHERSON,SHORT,113.0,111.33,1.48,111.33,09:36:00,113.0,106.32,113.0,SL,-3056
2026-01-29,VEDL,LONG,282.4,278.28,1.48,282.4,09:42:00,278.28,294.76,287.38,EOD,3427
2026-01-30,BRIGADE,LONG,732.2,721.6,1.45,732.2,09:36:00,721.6,764.0,751.8,EOD,5254
2026-01-30,FEDERALBNK,LONG,286.65,282.5,1.45,286.65,09:36:00,282.5,299.1,287.9,EOD,772
2026-01-30,APOLLOHOSP,LONG,6864.5,6767.0,1.44,6864.5,09:36:00,6767.0,7157.0,6950.0,EOD,2391
2026-02-01,MOTHERSON,LONG,113.0,111.35,1.46,113.0,09:44:00,111.35,117.95,111.35,SL,-3020
2026-02-01,COFORGE,SHORT,1662.5,1640.2,1.35,1640.2,09:38:00,1662.5,1573.3,1662.5,SL,-2783
2026-02-01,MARICO,LONG,733.3,723.8,1.3,733.3,09:58:00,723.8,761.8,723.8,SL,-2691
2026-02-02,SOBHA,LONG,1392.3,1371.6,1.49,1392.3,09:36:00,1371.6,1454.4,1422.2,EOD,4195
2026-02-02,ALKEM,SHORT,5616.0,5535.0,1.44,5535.0,09:52:00,5616.0,5292.0,5521.0,EOD,407
2026-02-02,BALKRISIND,LONG,2294.7,2262.1,1.42,2294.7,09:54:00,2262.1,2392.5,2262.1,SL,-2941
2026-02-03,HEROMOTOCO,LONG,5768.0,5685.5,1.44,5768.0,09:36:00,5685.5,6015.5,5685.5,SL,-2961
2026-02-03,TATAPOWER,SHORT,371.6,366.6,1.36,366.6,09:45:00,371.6,351.6,365.5,EOD,502
2026-02-03,BRITANNIA,SHORT,5975.5,5900.5,1.27,5900.5,09:47:00,5975.5,5675.5,5883.0,EOD,495
2026-02-04,BAJAJ-AUTO,LONG,9712.0,9575.5,1.42,9712.0,09:49:00,9575.5,10121.5,9575.5,SL,-2911
2026-02-04,BOSCHLTD,LONG,37975.0,37465.0,1.35,37975.0,09:36:00,37465.0,39505.0,37465.0,SL,-2786
2026-02-04,BANKBARODA,LONG,286.0,282.25,1.31,286.0,09:50:00,282.25,297.25,291.6,EOD,3816
2026-02-05,DLF,SHORT,660.0,650.25,1.48,650.25,09:38:00,660.0,621.0,660.0,SL,-3055
2026-02-05,BHARATFORG,SHORT,1599.0,1576.1,1.43,1576.1,09:42:00,1599.0,1507.4,1572.5,EOD,358
2026-02-05,PRESTIGE,SHORT,1525.0,1503.6,1.4,1503.6,09:36:00,1525.0,1439.4,1525.0,SL,-2907
2026-02-06,LUPIN,SHORT,2214.0,2181.2,1.48,2181.2,09:37:00,2214.0,2082.8,2172.3,EOD,719
2026-02-06,BHARATFORG,SHORT,1573.7,1551.1,1.44,1551.1,09:37:00,1573.7,1483.3,1557.4,EOD,-909
2026-02-06,DRREDDY,SHORT,1248.9,1231.4,1.41,1231.4,09:36:00,1248.9,1178.9,1240.4,EOD,-1551
2026-02-09,INDUSINDBK,LONG,914.0,900.35,1.5,914.0,09:55:00,900.35,954.95,927.8,EOD,2920
2026-02-09,DRREDDY,LONG,1260.8,1243.5,1.37,1260.8,09:36:00,1243.5,1312.7,1274.3,EOD,2041
2026-02-09,TCS,SHORT,2977.0,2938.0,1.32,2938.0,09:37:00,2977.0,2821.0,2943.8,EOD,-494
2026-02-10,ONGC,LONG,270.9,267.0,1.46,270.9,09:36:00,267.0,282.6,272.1,EOD,786
2026-02-10,BOSCHLTD,LONG,35670.0,35200.0,1.32,35670.0,09:46:00,35200.0,37080.0,35645.0,EOD,-240
2026-02-10,MPHASIS,LONG,2633.9,2600.7,1.26,2633.9,09:42:00,2600.7,2733.5,2614.9,EOD,-1543
2026-02-11,CANBK,SHORT,147.34,145.21,1.45,145.21,09:36:00,147.34,138.82,145.48,EOD,-471
2026-02-11,M&M,LONG,3729.7,3678.0,1.4,3729.7,09:36:00,3678.0,3884.8,3678.0,SL,-2872
2026-02-11,IOC,LONG,179.3,176.82,1.39,179.3,09:45:00,176.82,186.74,181.44,EOD,2287
2026-02-12,BIOCON,LONG,377.4,371.8,1.48,377.4,09:53:00,371.8,394.2,371.8,SL,-3068
2026-02-12,EICHERMOT,LONG,7865.0,7760.0,1.35,7865.0,09:45:00,7760.0,8180.0,7945.0,EOD,1934
2026-02-12,OBEROIRLTY,SHORT,1578.9,1558.3,1.31,1558.3,09:45:00,1578.9,1496.5,1571.0,EOD,-1717
2026-02-13,BANKINDIA,SHORT,164.45,162.04,1.47,162.04,09:36:00,164.45,154.81,161.98,EOD,-26
2026-02-13,JSWSTEEL,SHORT,1247.8,1229.9,1.44,1229.9,09:36:00,1247.8,1176.2,1236.7,EOD,-1200
2026-02-13,DIVISLAB,LONG,6141.5,6054.0,1.42,6141.5,09:45:00,6054.0,6404.0,6174.0,EOD,958
2026-02-16,PERSISTENT,SHORT,5536.5,5455.5,1.48,5455.5,09:48:00,5536.5,5212.5,5536.5,SL,-3026
2026-02-16,WIPRO,SHORT,216.91,213.8,1.45,213.8,09:46:00,216.91,204.47,213.31,EOD,359
2026-02-16,CANBK,LONG,142.19,140.15,1.45,142.19,09:36:00,140.15,148.31,145.81,EOD,4992
2026-02-17,WIPRO,LONG,215.5,212.63,1.35,215.5,09:40:00,212.63,224.11,215.68,EOD,67
2026-02-17,ICICIBANK,SHORT,1413.6,1394.6,1.35,1394.6,09:36:00,1413.6,1337.6,1405.5,EOD,-1651
2026-02-17,INDUSINDBK,LONG,940.75,928.2,1.35,940.75,09:37:00,928.2,978.4,944.7,EOD,740
2026-02-18,HCLTECH,SHORT,1483.2,1461.9,1.44,1461.9,09:55:00,1483.2,1398.0,1467.0,EOD,-795
2026-02-18,HINDALCO,LONG,903.8,891.5,1.38,903.8,09:36:00,891.5,940.7,891.5,SL,-2822
2026-02-18,ADANIGREEN,SHORT,1019.95,1006.0,1.37,1006.0,09:36:00,1019.95,964.15,1000.95,EOD,909
2026-02-19,NATIONALUM,SHORT,351.45,346.4,1.45,346.4,09:36:00,351.45,331.25,340.0,EOD,3665
2026-02-19,SUNTECK,SHORT,404.05,398.3,1.44,398.3,09:38:00,404.05,381.05,404.05,SL,-2946
2026-02-19,PERSISTENT,SHORT,5597.0,5520.5,1.38,5520.5,09:36:00,5597.0,5291.0,5291.0,TGT,8575
2026-02-20,INDIANB,LONG,937.5,924.0,1.46,937.5,09:36:00,924.0,978.0,947.25,EOD,1980
2026-02-20,GAIL,LONG,168.19,165.8,1.44,168.19,09:36:00,165.8,175.36,168.43,EOD,185
2026-02-20,BANKBARODA,LONG,306.6,302.55,1.33,306.6,09:36:00,302.55,318.75,309.4,EOD,1726
2026-02-23,MPHASIS,SHORT,2360.5,2325.5,1.49,2325.5,09:48:00,2360.5,2220.5,2314.0,EOD,894
2026-02-23,PNB,LONG,132.23,130.3,1.48,132.23,09:39:00,130.3,138.02,130.3,SL,-3019
2026-02-23,BANKINDIA,LONG,174.38,171.83,1.48,174.38,09:37:00,171.83,182.03,174.3,EOD,-192
2026-02-24,INFY,SHORT,1303.6,1284.2,1.49,1284.2,09:36:00,1303.6,1226.0,1276.3,EOD,1138
2026-02-24,GODREJPROP,SHORT,1831.2,1805.1,1.43,1805.1,09:36:00,1831.2,1726.8,1769.0,EOD,3981
2026-02-24,EICHERMOT,LONG,8025.0,7911.5,1.42,8025.0,09:41:00,7911.5,8365.5,7911.5,SL,-2929
2026-02-25,MAHABANK,LONG,72.76,71.68,1.49,72.76,09:48:00,71.68,76.0,74.26,EOD,4023
2026-02-25,BRIGADE,SHORT,735.45,724.55,1.49,724.55,09:36:00,735.45,691.85,715.15,EOD,2529
2026-02-25,MAHLIFE,LONG,373.5,368.25,1.43,373.5,09:58:00,368.25,389.25,368.25,SL,-2911
2026-02-26,BRIGADE,LONG,728.8,718.05,1.5,728.8,09:45:00,718.05,761.05,718.05,SL,-3050
2026-02-26,CENTRALBK,SHORT,40.92,40.35,1.41,40.35,09:45:00,40.92,38.64,40.44,EOD,-545
2026-02-26,MPHASIS,LONG,2293.9,2262.5,1.38,2293.9,09:37:00,2262.5,2388.1,2262.5,SL,-2838
2026-02-27,BANKINDIA,SHORT,178.36,175.81,1.44,175.81,09:58:00,178.36,168.16,176.25,EOD,-599
2026-02-27,GODREJCP,SHORT,1238.9,1221.3,1.42,1221.3,09:36:00,1238.9,1168.5,1220.1,EOD,97
2026-02-27,HCLTECH,SHORT,1404.8,1385.0,1.42,1385.0,09:36:00,1404.8,1325.6,1390.2,EOD,-848
2026-03-02,OBEROIRLTY,LONG,1500.6,1481.9,1.26,1500.6,10:00:00,1481.9,1556.7,1481.9,SL,-2592
2026-03-02,AXISBANK,SHORT,1384.7,1368.1,1.21,1368.1,09:41:00,1384.7,1318.3,1372.6,EOD,-756
2026-03-02,INFY,LONG,1296.9,1282.0,1.15,1296.9,09:36:00,1282.0,1341.6,1282.0,SL,-2398
2026-03-04,INDIANB,SHORT,961.35,947.1,1.49,947.1,09:36:00,961.35,904.35,936.9,EOD,2077
2026-03-04,VBL,SHORT,435.9,429.5,1.48,429.5,09:40:00,435.9,410.3,429.2,EOD,40
2026-03-04,ADANIGREEN,SHORT,882.8,870.1,1.44,870.1,09:36:00,882.8,832.0,871.15,EOD,-341
2026-03-05,TCS,SHORT,2609.5,2571.0,1.48,2571.0,09:36:00,2609.5,2455.5,2573.3,EOD,-279
2026-03-05,TATASTEEL,LONG,200.5,197.63,1.45,200.5,09:55:00,197.63,209.11,200.2,EOD,-399
2026-03-05,IDFCFIRSTB,LONG,71.13,70.11,1.44,71.13,09:47:00,70.11,74.19,70.11,SL,-2968
2026-03-06,BIOCON,LONG,391.6,385.8,1.5,391.6,09:44:00,385.8,409.0,391.05,EOD,-381
2026-03-06,HINDALCO,LONG,956.7,943.15,1.42,956.7,09:50:00,943.15,997.35,957.75,EOD,120
2026-03-06,BHARATFORG,LONG,1904.4,1879.9,1.29,1904.4,09:36:00,1879.9,1977.9,1925.1,EOD,2074
2026-03-09,DABUR,SHORT,473.05,466.1,1.47,466.1,09:41:00,473.05,445.25,467.05,EOD,-507
2026-03-09,BRITANNIA,SHORT,5932.5,5852.0,1.36,5852.0,09:36:00,5932.5,5610.5,5894.0,EOD,-1525
2026-03-09,MARICO,SHORT,783.05,772.9,1.3,772.9,09:42:00,783.05,742.45,778.6,EOD,-1564
2026-03-10,BANKINDIA,SHORT,155.59,153.3,1.49,153.3,09:36:00,155.59,146.43,155.59,SL,-3044
2026-03-10,ADANIENSOL,SHORT,1001.3,986.9,1.45,986.9,09:36:00,1001.3,943.7,1001.3,SL,-2976
2026-03-10,SAIL,SHORT,153.45,151.27,1.43,151.27,09:36:00,153.45,144.73,149.74,EOD,1944
2026-03-11,TATASTEEL,LONG,198.66,195.74,1.48,198.66,09:36:00,195.74,207.42,195.74,SL,-3040
2026-03-11,DABUR,SHORT,485.0,477.85,1.47,477.85,09:36:00,485.0,456.4,471.55,EOD,2572
2026-03-11,NTPC,LONG,382.0,376.45,1.47,382.0,09:36:00,376.45,398.65,380.1,EOD,-1095
2026-03-12,MARICO,SHORT,762.45,751.2,1.48,751.2,09:36:00,762.45,717.45,762.45,SL,-3051
2026-03-12,ADANIGREEN,LONG,849.6,837.4,1.44,849.6,09:52:00,837.4,886.2,866.7,EOD,3925
2026-03-12,ICICIBANK,LONG,1276.7,1258.3,1.44,1276.7,10:00:00,1258.3,1331.9,1264.7,EOD,-1980
2026-03-13,PNB,SHORT,116.27,114.55,1.48,114.55,09:41:00,116.27,109.39,111.81,EOD,4801
2026-03-13,POWERGRID,SHORT,309.5,305.05,1.44,305.05,09:42:00,309.5,291.7,300.85,EOD,2692
2026-03-13,NESTLEIND,LONG,1229.2,1212.0,1.41,1229.2,09:36:00,1212.0,1280.8,1212.0,SL,-2899
2026-03-16,CANBK,LONG,134.59,132.58,1.49,134.59,09:36:00,132.58,140.62,132.58,SL,-3087
2026-03-16,MARUTI,LONG,12654.0,12469.0,1.48,12654.0,09:45:00,12469.0,13209.0,12469.0,SL,-3024
2026-03-16,ADANIENT,LONG,1985.0,1955.9,1.48,1985.0,09:45:00,1955.9,2072.3,1955.9,SL,-3032
2026-03-17,BANKINDIA,SHORT,151.66,149.4,1.5,149.4,09:36:00,151.66,142.62,151.66,SL,-3080
2026-03-17,CANBK,SHORT,136.05,134.05,1.48,134.05,09:36:00,136.05,128.05,136.05,SL,-3040
2026-03-17,SAIL,LONG,147.18,145.09,1.44,147.18,09:59:00,145.09,153.45,153.45,TGT,8420
2026-03-18,BIOCON,LONG,382.5,377.0,1.44,382.5,09:36:00,377.0,399.0,382.7,EOD,5
2026-03-18,DLF,LONG,553.85,546.0,1.43,553.85,09:50:00,546.0,577.4,563.5,EOD,3385
2026-03-18,ADANIENSOL,LONG,1013.9,1000.0,1.39,1013.9,09:36:00,1000.0,1055.6,1037.0,EOD,4457
2026-03-19,TECHM,SHORT,1379.3,1359.0,1.49,1359.0,09:47:00,1379.3,1298.1,1332.0,EOD,3954
2026-03-19,JINDALSTEL,SHORT,1162.7,1147.0,1.35,1147.0,09:39:00,1162.7,1099.9,1136.2,EOD,1801
2026-03-19,ADANIGREEN,SHORT,882.05,870.3,1.34,870.3,09:59:00,882.05,835.05,852.75,EOD,4016
2026-03-20,GODREJPROP,LONG,1586.0,1562.7,1.49,1586.0,09:36:00,1562.7,1655.9,1562.7,SL,-3038
2026-03-20,NESTLEIND,SHORT,1204.0,1186.7,1.44,1186.7,09:43:00,1204.0,1134.8,1194.1,EOD,-1339
2026-03-20,MPHASIS,SHORT,2109.7,2080.2,1.41,2080.2,09:36:00,2109.7,1991.7,2089.2,EOD,-962
2026-03-23,AUROPHARMA,SHORT,1299.0,1280.2,1.46,1280.2,09:45:00,1299.0,1223.8,1280.6,EOD,-162
2026-03-23,FEDERALBNK,SHORT,263.3,259.45,1.46,259.45,09:47:00,263.3,247.9,254.0,EOD,4191
2026-03-23,DRREDDY,SHORT,1293.0,1274.2,1.45,1274.2,09:40:00,1293.0,1217.8,1255.5,EOD,2879
2026-03-24,PNB,SHORT,109.0,107.4,1.47,107.4,09:46:00,109.0,102.6,107.02,EOD,610
2026-03-24,ONGC,LONG,270.8,266.85,1.47,270.8,09:37:00,266.85,282.65,267.85,EOD,-2279
2026-03-24,ADANIGREEN,SHORT,833.0,821.1,1.43,821.1,09:49:00,833.0,785.4,833.0,SL,-2957
2026-03-25,VBL,LONG,397.0,391.1,1.49,397.0,09:36:00,391.1,414.7,401.55,EOD,2192
2026-03-25,AUROPHARMA,LONG,1301.0,1282.1,1.46,1301.0,09:36:00,1282.1,1357.7,1308.5,EOD,1053
2026-03-25,INDUSINDBK,LONG,814.7,802.95,1.46,814.7,09:36:00,802.95,849.95,816.8,EOD,416
2026-03-27,HDFCBANK,SHORT,774.9,763.35,1.49,763.35,09:50:00,774.9,728.7,757.0,EOD,1578
2026-03-27,ADANIENT,SHORT,1883.2,1855.5,1.47,1855.5,09:56:00,1883.2,1772.4,1823.9,EOD,3365
2026-03-27,SBIN,SHORT,1055.3,1040.1,1.45,1040.1,09:36:00,1055.3,994.5,1019.1,EOD,4021
2026-03-30,TCS,LONG,2389.8,2355.0,1.47,2389.8,09:36:00,2355.0,2494.2,2355.0,SL,-3012
2026-03-30,DLF,LONG,520.4,512.8,1.47,520.4,09:36:00,512.8,543.2,512.8,SL,-3021
2026-03-30,POWERGRID,LONG,296.2,292.0,1.44,296.2,09:36:00,292.0,308.8,296.25,EOD,-66
2026-04-01,LODHA,SHORT,697.0,686.7,1.49,686.7,09:36:00,697.0,655.8,684.65,EOD,499
2026-04-01,ADANIGREEN,LONG,839.45,827.15,1.48,839.45,09:48:00,827.15,876.35,851.0,EOD,2652
2026-04-01,APOLLOHOSP,SHORT,7587.0,7475.0,1.48,7475.0,09:36:00,7587.0,7139.0,7305.0,EOD,4554
2026-04-02,TCS,LONG,2411.0,2375.7,1.48,2411.0,09:41:00,2375.7,2516.9,2454.1,EOD,3475
2026-04-02,NMDC,SHORT,78.07,76.93,1.46,76.93,09:36:00,78.07,73.51,78.07,SL,-3020
2026-04-02,PERSISTENT,LONG,5034.9,4963.9,1.43,5034.9,09:42:00,4963.9,5247.9,5247.9,TGT,8361
2026-04-06,ADANIENSOL,LONG,949.6,936.1,1.43,949.6,09:36:00,936.1,990.1,990.1,TGT,8430
2026-04-06,CIPLA,SHORT,1191.9,1175.7,1.36,1175.7,09:50:00,1191.9,1127.1,1191.9,SL,-2818
2026-04-06,BRITANNIA,SHORT,5478.0,5410.0,1.25,5410.0,09:50:00,5478.0,5206.0,5478.0,SL,-2583
2026-04-07,SUNPHARMA,LONG,1704.4,1681.3,1.37,1704.4,09:36:00,1681.3,1773.7,1717.4,EOD,1425
2026-04-07,INFY,LONG,1310.9,1293.5,1.34,1310.9,09:54:00,1293.5,1363.1,1341.0,EOD,4492
2026-04-07,MAHLIFE,LONG,328.0,323.75,1.3,328.0,09:38:00,323.75,340.75,340.75,TGT,7674
2026-04-08,BRITANNIA,SHORT,5698.5,5614.0,1.48,5614.0,09:36:00,5698.5,5360.5,5596.5,EOD,525
2026-04-08,INDUSINDBK,LONG,822.0,810.0,1.48,822.0,09:36:00,810.0,858.0,835.45,EOD,3173
2026-04-08,TORNTPHARM,SHORT,4098.9,4038.1,1.48,4038.1,09:36:00,4098.9,3855.7,4030.0,EOD,302
2026-04-09,LTTS,SHORT,3405.0,3355.0,1.48,3355.0,09:51:00,3405.0,3205.0,3333.0,EOD,1220
2026-04-09,PHOENIXLTD,SHORT,1712.9,1688.0,1.45,1688.0,09:49:00,1712.9,1613.3,1712.9,SL,-3007
2026-04-09,NESTLEIND,LONG,1223.5,1206.4,1.41,1223.5,09:36:00,1206.4,1274.8,1228.6,EOD,734
2026-04-10,HINDUNILVR,LONG,2152.8,2121.4,1.47,2152.8,09:36:00,2121.4,2247.0,2150.1,EOD,-351
2026-04-10,IOB,LONG,34.72,34.23,1.43,34.72,09:59:00,34.23,36.19,34.73,EOD,-42
2026-04-10,MAHABANK,SHORT,71.45,70.45,1.42,70.45,09:36:00,71.45,67.45,70.47,EOD,-157
2026-04-13,TECHM,SHORT,1437.2,1416.0,1.49,1416.0,09:36:00,1437.2,1352.4,1437.2,SL,-3050
2026-04-13,INFY,SHORT,1289.0,1270.0,1.49,1270.0,09:36:00,1289.0,1213.0,1276.8,EOD,-1165
2026-04-13,SAIL,SHORT,164.07,161.7,1.46,161.7,09:36:00,164.07,154.59,164.07,SL,-2989
2026-04-15,AXISBANK,SHORT,1384.5,1364.1,1.49,1364.1,09:36:00,1384.5,1302.9,1358.0,EOD,798
2026-04-15,CANBK,SHORT,143.67,141.59,1.47,141.59,09:49:00,143.67,135.35,141.66,EOD,-199
2026-04-15,TATAPOWER,LONG,416.3,410.3,1.45,416.3,09:50:00,410.3,434.3,421.9,EOD,2590
2026-04-16,OBEROIRLTY,SHORT,1740.1,1715.0,1.46,1715.0,09:38:00,1740.1,1639.7,1716.3,EOD,-251
2026-04-16,DABUR,SHORT,441.4,435.15,1.44,435.15,09:37:00,441.4,416.4,428.25,EOD,3122
2026-04-16,SOBHA,SHORT,1339.9,1321.0,1.42,1321.0,09:44:00,1339.9,1264.3,1323.1,EOD,-417
2026-04-17,IDFCFIRSTB,LONG,68.25,67.3,1.4,68.25,09:56:00,67.3,71.1,68.64,EOD,1043
2026-04-17,OBEROIRLTY,SHORT,1728.0,1704.3,1.37,1704.3,09:36:00,1728.0,1633.2,1712.0,EOD,-1000
2026-04-17,DABUR,LONG,429.8,424.2,1.31,429.8,09:40:00,424.2,446.6,442.2,EOD,5670
2026-04-20,SOBHA,SHORT,1337.4,1317.9,1.47,1317.9,09:38:00,1337.4,1259.4,1312.4,EOD,738
2026-04-20,BALKRISIND,SHORT,2344.0,2310.1,1.45,2310.1,09:52:00,2344.0,2208.4,2287.9,EOD,1841
2026-04-20,IDFCFIRSTB,SHORT,68.68,67.7,1.43,67.7,09:42:00,68.68,64.76,67.56,EOD,314
2026-04-21,OBEROIRLTY,LONG,1737.3,1712.4,1.44,1737.3,09:47:00,1712.4,1812.0,1712.4,SL,-2967
2026-04-21,AXISBANK,LONG,1374.0,1354.7,1.42,1374.0,09:48:00,1354.7,1431.9,1377.6,EOD,424
2026-04-21,GAIL,LONG,159.9,157.7,1.4,159.9,09:36:00,157.7,166.5,160.8,EOD,1026
2026-04-22,CENTRALBK,LONG,36.7,36.16,1.49,36.7,09:36:00,36.16,38.32,36.94,EOD,1208
2026-04-22,VBL,LONG,491.45,484.35,1.46,491.45,09:54:00,484.35,512.75,494.5,EOD,1141
2026-04-22,OBEROIRLTY,LONG,1740.0,1715.0,1.45,1740.0,09:47:00,1715.0,1815.0,1734.1,EOD,-778
2026-04-23,TORNTPHARM,LONG,4126.0,4065.1,1.5,4126.0,09:43:00,4065.1,4308.7,4146.5,EOD,894
2026-04-23,AUROPHARMA,LONG,1430.2,1409.1,1.49,1430.2,09:36:00,1409.1,1493.5,1436.0,EOD,711
2026-04-23,ADANIENT,LONG,2254.9,2221.8,1.48,2254.9,09:53:00,2221.8,2354.2,2300.3,EOD,3927
2026-04-24,TECHM,SHORT,1426.7,1406.0,1.47,1406.0,09:36:00,1426.7,1343.9,1360.4,EOD,6604
2026-04-24,VEDL,SHORT,275.26,271.25,1.46,271.25,09:36:00,275.26,259.22,269.18,EOD,1438
2026-04-24,LUPIN,SHORT,2351.5,2318.0,1.43,2318.0,09:54:00,2351.5,2217.5,2294.7,EOD,1931
2026-04-27,BPCL,LONG,311.25,306.7,1.48,311.25,09:50:00,306.7,324.9,312.0,EOD,382
2026-04-27,DRREDDY,LONG,1328.6,1309.0,1.48,1328.6,09:46:00,1309.0,1387.4,1334.1,EOD,728
2026-04-27,PERSISTENT,LONG,4820.0,4751.2,1.44,4820.0,09:43:00,4751.2,5026.4,4822.4,EOD,0
2026-04-28,CIPLA,LONG,1325.8,1306.8,1.44,1325.8,09:55:00,1306.8,1382.8,1306.8,SL,-2966
2026-04-28,INDUSINDBK,LONG,895.2,882.45,1.43,895.2,09:37:00,882.45,933.45,883.95,EOD,-2613
2026-04-28,SUNTECK,SHORT,358.65,354.0,1.3,354.0,09:36:00,358.65,340.05,352.1,EOD,979
2026-04-29,M&M,LONG,3138.4,3092.0,1.5,3138.4,09:47:00,3092.0,3277.6,3154.7,EOD,939
2026-04-29,LODHA,LONG,894.55,882.0,1.42,894.55,10:00:00,882.0,932.2,911.9,EOD,3779
2026-04-29,AUROPHARMA,SHORT,1433.0,1413.5,1.37,1413.5,09:50:00,1433.0,1355.0,1397.9,EOD,2132
2026-04-30,BANKINDIA,SHORT,142.3,140.2,1.48,140.2,09:37:00,142.3,133.9,139.78,EOD,501
2026-04-30,PNB,SHORT,110.8,109.17,1.47,109.17,09:37:00,110.8,104.28,109.49,EOD,-685
2026-04-30,PRESTIGE,SHORT,1430.0,1409.3,1.45,1409.3,09:36:00,1430.0,1347.2,1412.5,EOD,-553
2026-05-04,AXISBANK,LONG,1286.9,1268.3,1.47,1286.9,09:36:00,1268.3,1342.7,1268.3,SL,-2991
2026-05-04,UNIONBANK,LONG,168.49,166.05,1.46,168.49,09:41:00,166.05,175.81,166.05,SL,-2996
2026-05-04,BIOCON,LONG,364.3,359.2,1.42,364.3,09:45:00,359.2,379.6,360.1,EOD,-2406
2026-05-05,ONGC,SHORT,295.9,291.7,1.43,291.7,09:37:00,295.9,279.1,289.9,EOD,1142
2026-05-05,JINDALSTEL,LONG,1281.0,1263.1,1.42,1281.0,09:55:00,1263.1,1334.7,1263.1,SL,-2895
2026-05-05,TORNTPHARM,SHORT,4300.0,4240.0,1.41,4240.0,09:38:00,4300.0,4060.0,4270.4,EOD,-1524
2026-05-06,ADANIENT,LONG,2510.0,2475.0,1.41,2510.0,09:48:00,2475.0,2615.0,2475.0,SL,-2889
2026-05-06,AXISBANK,SHORT,1286.3,1269.4,1.33,1269.4,09:48:00,1286.3,1218.7,1286.3,SL,-2728
2026-05-06,SOBHA,SHORT,1472.3,1453.0,1.32,1453.0,09:36:00,1472.3,1395.1,1445.7,EOD,910
2026-05-07,DABUR,SHORT,469.35,462.35,1.49,462.35,09:45:00,469.35,441.35,469.35,SL,-3083
2026-05-07,BHARATFORG,LONG,1896.5,1868.9,1.46,1896.5,09:36:00,1868.9,1979.3,1868.9,SL,-3011
2026-05-07,SUNTECK,SHORT,353.85,348.85,1.41,348.85,09:39:00,353.85,333.85,353.85,SL,-2926
2026-05-08,MOTHERSON,LONG,132.45,130.52,1.47,132.45,09:37:00,130.52,138.24,132.16,EOD,-538
2026-05-08,BHARATFORG,LONG,2015.0,1985.6,1.46,2015.0,09:36:00,1985.6,2103.2,1985.6,SL,-3018
2026-05-08,ADANIENSOL,SHORT,1397.0,1377.0,1.44,1377.0,09:42:00,1397.0,1317.0,1355.2,EOD,3117
2026-05-11,UNIONBANK,SHORT,166.2,163.88,1.41,163.88,09:40:00,166.2,156.92,163.93,EOD,-161
2026-05-11,JINDALSTEL,SHORT,1256.0,1238.6,1.39,1238.6,09:47:00,1256.0,1186.4,1232.8,EOD,841
2026-05-11,MARICO,LONG,836.3,824.8,1.39,836.3,09:38:00,824.8,870.8,842.5,EOD,1383
2026-05-12,AUBANK,SHORT,1022.4,1007.6,1.45,1007.6,09:38:00,1022.4,963.2,1002.0,EOD,1018
2026-05-12,HCLTECH,SHORT,1184.0,1166.8,1.45,1166.8,09:49:00,1184.0,1115.2,1145.4,EOD,3637
2026-05-12,GODREJPROP,SHORT,1791.8,1766.1,1.44,1766.1,09:36:00,1791.8,1689.0,1713.8,EOD,6003
2026-05-13,PERSISTENT,SHORT,4914.0,4841.3,1.5,4841.3,09:36:00,4914.0,4623.2,4837.1,EOD,74
2026-05-13,BANKINDIA,SHORT,141.99,139.94,1.46,139.94,09:36:00,141.99,133.79,141.99,SL,-2988
2026-05-13,CANBK,SHORT,131.2,129.32,1.44,129.32,09:36:00,131.2,123.68,129.35,EOD,-146
2026-05-14,VBL,SHORT,498.7,491.4,1.49,491.4,09:53:00,498.7,469.5,498.7,SL,-3028
2026-05-14,TATASTEEL,LONG,222.3,219.02,1.48,222.3,09:38:00,219.02,232.14,221.35,EOD,-955
2026-05-14,ADANIENSOL,SHORT,1342.0,1322.6,1.46,1322.6,09:39:00,1342.0,1264.4,1320.0,EOD,294
2026-05-15,OBEROIRLTY,SHORT,1652.8,1628.2,1.5,1628.2,09:36:00,1652.8,1554.4,1615.9,EOD,1422
2026-05-15,NMDC,LONG,93.75,92.35,1.5,93.75,09:55:00,92.35,97.95,92.35,SL,-3087
2026-05-15,MOTHERSON,SHORT,128.0,126.11,1.49,126.11,09:36:00,128.0,120.44,128.0,SL,-3053
2026-05-18,BANDHANBNK,SHORT,192.49,189.62,1.49,189.62,09:44:00,192.49,181.01,190.34,EOD,-857
2026-05-18,COALINDIA,LONG,463.6,457.05,1.42,463.6,09:41:00,457.05,483.25,462.3,EOD,-661
2026-05-18,IOB,SHORT,33.5,33.05,1.35,33.05,09:55:00,33.5,31.7,33.5,SL,-2787
2026-05-19,NMDC,SHORT,90.55,89.22,1.47,89.22,09:36:00,90.55,85.23,89.26,EOD,-190
2026-05-19,HEROMOTOCO,LONG,5004.5,4932.5,1.46,5004.5,09:40:00,4932.5,5220.5,5007.5,EOD,20
2026-05-19,COALINDIA,SHORT,463.25,456.8,1.4,456.8,09:37:00,463.25,437.45,456.7,EOD,-56
2026-05-20,NESTLEIND,LONG,1419.4,1398.5,1.49,1419.4,09:36:00,1398.5,1482.1,1419.1,EOD,-142
2026-05-20,M&M,LONG,3078.0,3033.0,1.46,3078.0,09:51:00,3033.0,3213.0,3118.5,EOD,2532
2026-05-20,LUPIN,LONG,2297.7,2264.8,1.45,2297.7,09:39:00,2264.8,2396.4,2287.3,EOD,-1005
2026-05-21,JINDALSTEL,SHORT,1243.0,1224.9,1.46,1224.9,09:36:00,1243.0,1170.6,1196.1,EOD,4716
2026-05-21,TATAPOWER,SHORT,417.0,411.05,1.43,411.05,09:36:00,417.0,393.2,410.6,EOD,119
2026-05-21,ADANIGREEN,LONG,1393.8,1375.4,1.33,1393.8,09:40:00,1375.4,1449.0,1375.4,SL,-2740
2026-05-22,BOSCHLTD,SHORT,35560.0,35045.0,1.45,35045.0,09:37:00,35560.0,33500.0,35560.0,SL,-2997
2026-05-22,MOTHERSON,SHORT,139.01,137.04,1.43,137.04,09:49:00,139.01,131.13,136.19,EOD,1148
2026-05-22,POWERGRID,SHORT,300.55,296.3,1.42,296.3,09:49:00,300.55,283.55,294.45,EOD,1157
2026-05-25,ONGC,SHORT,289.95,285.7,1.47,285.7,09:38:00,289.95,272.95,285.0,EOD,391
2026-05-25,OBEROIRLTY,LONG,1695.0,1671.0,1.44,1695.0,09:36:00,1671.0,1767.0,1719.0,EOD,2732
2026-05-25,POWERGRID,SHORT,298.5,294.3,1.41,294.3,09:38:00,298.5,281.7,295.2,EOD,-710
2026-05-26,PRESTIGE,LONG,1401.3,1381.0,1.45,1401.3,09:53:00,1381.0,1462.2,1402.1,EOD,14
2026-05-26,NATIONALUM,LONG,411.0,405.1,1.45,411.0,09:43:00,405.1,428.7,416.3,EOD,2479
2026-05-26,INFY,LONG,1180.2,1163.3,1.45,1180.2,09:39:00,1163.3,1230.9,1167.2,EOD,-2303
